text,label,notes
"I wouldn't say that this Finals ""wasn't real basketball"". It was. We saw great defense, and some high level offense to get around that D. We also saw some poor offense, especially down the stretch of games. But players more than ever play to the refs, and the refs are not doing a good enough job of recognizing it. The reffing system needs to be revolutionized. It's definitely time for another rule change to tackle the foul baiting.",hot_take,"Confident structural claim (""reffing system needs to be revolutionized"") with no specific numbers/named calls cited -- general impression dressed as a verdict."
"Bro the refs obviously recognize it, the league has just decided to officiate the game this way lol. Do you know how many ads can be crammed into all these stoppages?",hot_take,Bold accusatory claim (refs/league deliberately manipulating calls for ad revenue) asserted with no evidence.
"I don't think this is actually the answer. The amount of fouls per game is generally pretty constant (it's actually kinda a low average right now), regardless of flopping. The more refs ""let them play"", the rougher they'll play until a foul is called. I think it's purely an issue of refs calling the wrong fouls.",analysis,"References an actual checkable claim (foul-per-game rate being low/constant) and builds reasoning from it, even though no exact number is given -- borderline, see notes."
"It allows the league greater control on game outcomes, simple as",hot_take,"Pure assertion, conspiracy-flavored, zero evidence."
"Yep, it's blatantly obvious that the NBA wants long playoff series. They have financial incentives to make that happen. The fact that the Knicks still turboed through all 3 rounds after the Hawks is particularly crazy.",hot_take,"Strong claim about league intent, no verifiable evidence, ""blatantly obvious"" is an assertion marker."
It's even more amazing that the Knicks closed the Finals in 5 games considering how hard the referees worked to try and extend the series.,hot_take,"Sarcastic generalization about ref bias, no specific call cited."
I still can't believe NY won game 5 considering how biased the refs were against them - Knicks just never give up.,hot_take,"Generalizes beyond a single play into ""biased"" claim with no specifics -- not a pure reaction."
i thought it was 5 pretty good games of basketball tbh,reaction,"[merged from discussion] Mild opinion, but reads more like a passing reaction than an argued take -- borderline reaction/hot_take, leaning hot_take due to evaluative claim. See notes."
"Exactly, same as the WCF. Great hoops, only see complaints when I check my phone. We were already bad in 2016 but not this addicted to the internet.",hot_take,"Broad generalization about internet culture and fanbases, no evidence, asserted confidently."
"We were already complaining about flopping back then, but it's definitely much worse today.",hot_take,"Comparative claim across years with no data, just assertion."
I've been bitching about flopping since Manu Ginobili was coming up in the mid-2000s. I still love the NBA and witnessing the game's evolution but it was definitely more fun to watch ten years ago but there will continue to be ups and downs,hot_take,"Personal nostalgia framed as a confident comparative claim, no evidence."
"Yeah, this was pre-harden pioneering the head jerk we all know and love today. He doesn't get enough hate",hot_take,"Asserts a causal/historical claim (Harden pioneered it) without evidence, plus an opinion (doesn't get enough hate)."
No it wasn't. This was a complaint about Harden well before this season,reaction,[merged from discussion] Short factual correction/disagreement -- could be hot_take (assertion) given no evidence is cited. Leaning hot_take.
My theory is he grew his beard to accentuate his head snap /s,reaction,"Joking, self-flagged as not serious (/s), no real argument -- pure in-the-moment quip."
"say what you will, but his call rate went way up after the beard grew lol",hot_take,"References a real metric (foul call rate) by name without giving the actual number -- name-drops a stat, doesn't provide it. Classic edge case 2 from planning.md."
I mean you are comparing what probably will go down as a top two or three game of all time in the history of the league to average regular season games.,hot_take,Confident ranking claim (top 2-3 of all time) with no supporting evidence.
Yeah lol Game 7 2016 is probably the best basketball game of all time,hot_take,Bold superlative claim asserted without evidence.
I still can't believe my team gets to say we won one of the greatest nba games ever.,reaction,"Personal emotional reflection, doesn't argue a broader claim, stays close to personal feeling."
"Might actually be the greatest ring ever, IMO. Although Mavs ring was special too",hot_take,"Superlative ranking claim, explicitly flagged as opinion (IMO), no evidence."
"I'd say it's without a doubt the greatest. Good vs Evil, good guys down 3-1 to comeback and win against the best record of all time? I don't see any other run that's close.",hot_take,"Strong ranking claim; cites the real fact of 3-1 comeback vs best record, which is checkable -- borderline analysis. See notes."
And Game 6 not far behind it!,reaction,"Short exclamatory reaction, no argument."
Do not compare a blow out to a game 7 where history was made and where both teams were so exhausted nobody scored in the last 4 minutes of the game,analysis,"Cites a specific, checkable fact (nobody scored in last 4 minutes) as part of an argument distinguishing the two games."
There was plenty of flopping in the playoffs this year. Did you forget Dean Wade falling on Hardens flop sweat?,hot_take,"Asserts a broad claim (""plenty of flopping"") supported only by one anecdotal/joking example, not real evidence."
I think a lot of people forgot about the Cavs embarrassing performance after the Knicks spanked the Spurs,hot_take,"Evaluative claim (""embarrassing"") with no specifics, asserted confidently."
"Doesn't that mean the incentives to flop were greater in this game? And they still didn't do it. I think OP's point stands—if you watch basketball from a decade ago this stuff happens very occasionally, but it's nothing like today",hot_take,"Logical-sounding argument but no actual checkable data cited, just reasoning from assumed premises -- name-drops the idea of evidence without providing it."
"I feel like the big annoying move now that wasn't there in 2016 is the shoulder check. For some reason the refs decided that if the ball handler slams themselves into a defender then it's a foul on the defender, which has resulted in almost every shot being preceded by the ball handler purposely jumping into another guy.",hot_take,"Specific named pattern (""shoulder check""), but no statistic or verifiable count -- describes a mechanism plausibly but doesn't cite data, stays assertion-level."
I thought these finals were surprisingly pretty clean,reaction,"Brief personal impression, no argument or generalization beyond this series."
People are losing their minds or just don't like basketball if they think these finals weren't great. Can't imagine complaining about how basketball is played after watching that series.,hot_take,"Dismissive generalization about other fans/critics, no evidence, confrontational framing."
"Even though it was a 4-1 series, it was still 5 very good games. 10, 1, 4, 1, 4 point victories. That is a close series. Knicks just kept their composure longer.",analysis,"Cites specific, checkable numbers (margin of victory per game) as the basis for the claim -- clean example of analysis."
"It's really the narrative between okc and spurs that carried onto the finals. I agree, the refs were dogshit but there wasn't really blatant flopping.",hot_take,"Evaluative claims (""refs were dogshit"") with no specifics, asserted."
"I mean, the Cavs were tackling the young Warriors just to eke by. Even Richard Jefferson attested to it, saying ""they are letting us get away with this?""",analysis,Cites a specific named source and quote as evidence for the physicality claim -- has a verifiable anchor.
Watch a James Harden game from that same season if you want to see some top notch head snapping and arm hooking into flailing jump shots.,hot_take,"Sarcastic generalization about a player's playing style, no specific game/stat cited."
they were flopping in 2016 lol,hot_take,"Short dismissive counter-assertion, no evidence."
no one remembers peak harden shaqtin a fool flopping around this time? they literally changed the rules to allow for his dumb ass double step back,hot_take,"References a real rule change but doesn't explain or cite it specifically -- name-drops without evidence, dismissive tone."
2016 was the peak of jumping sideways while shooting a three and the refs actually calling it a foul,hot_take,"Sarcastic generalization (""peak of""), no specific play or stat cited."
Tbh mofos have been flopping for as long as I could remember lol,hot_take,Casual generalization with no evidence.
"The threshold for the last time that ""real basketball"" was played keeps moving forward every year. In a decade people will be saying that 2026 was the last time.",hot_take,"Broad generalization/prediction about discourse patterns, no evidence, sharp rhetorical framing."
"Kevin Love D'ing up Curry's final shot is the most insane thing that happened in that game. I'd love to ask Love what was going through his head other than ""oh crap oh crap oh crap"" haha.",reaction,"Excited, personal reflection on a specific play, no generalizing argument."
Did you watch this series brother I saw actual basketball being played,hot_take,"Dismissive rhetorical question implying a strong opinion, not genuinely open -- edge case 3 type."
"""everything was better when i was a child with no real issues""",hot_take,"Sarcastic dismissal of the OP's premise -- a confident evaluative claim, no evidence given."
LeBron's missed poster over Draymond lives rent free in my mind. God I wish he made that.,reaction,"Personal nostalgic reflection on a specific play, no broader claim."
It would been indisputably the greatest dunk ever when you combine degree of difficulty plus situational impact plus the sudden omg holy shit factor.,hot_take,"Superlative ranking claim (""indisputably the greatest"") asserted with no evidence despite listing factors (factors aren't quantified)."
We all forgetting LeFlop was a nickname at some point,hot_take,"References a real historical fact (nickname existed) as evidence for a broader claim about flopping being old news -- borderline analysis, but the nickname alone doesn't establish degree/frequency. Leaning hot_take."
"This shit is so corny, it's a Friday morning and you're yapping about flopping. Flopping is such a massive non issue in today's league, I truly could not give less of a shit about it.",hot_take,"Dismissive, confident claim (""massive non issue"") with no evidence, combative tone."
"This is from fifteen years ago, but if you read the comment section you would think it was from this years Western Conference Finals. I know we love romanticizing past, but this idea that all this flopping is somehow a new issue is just not true.",analysis,"References a specific, checkable comparison (old thread reads identically to current discourse) as direct evidence for the claim -- close to analysis."
I prefer that era but down the stretch both teams were bricking everything. It was dramatic but the quality of play was bad.,hot_take,"Evaluative claim (""quality of play was bad"") with no specific stat (e.g. FG% in the stretch), just impression."
"Yeah, that game was super intense and high stakes, an absolutely massive moment. But it was also a total rock fight.",reaction,"Descriptive emotional reaction to the game's intensity, doesn't generalize beyond this game."
I actually think the game play was good they just missed. Like Warriors executed double screen perfectly after Kyrie's shot to get Love on an island with Steph,analysis,Describes a specific tactical sequence (the double screen play) as evidence for the broader claim about play quality.
People who have been watching basketball for 3 years will tell you moving screens and flopping have always been part of the game,hot_take,"Dismissive generalization with no evidence, mocking framing toward newer fans."
"To fix this, the refs have to just call the game appropriately. If a guy is flopping, don't call the foul. Or if they do, let the coach's have unlimited challenges. Flopping and foul baiting will be eliminated in less than a season.",hot_take,Confident prescriptive claim/prediction with no evidence that the proposed fix would work.
Damn 2016 Game 7 is on YouTube in full VIA ESPN,reaction,"[merged from discussion] Purely informational, no opinion -- closest to a neutral share, though doesn't fit ""question"" framing of discussion cleanly. Flag as edge case."
brave take to think the greatest game of all time was fun to watch,hot_take,"Sarcastic dismissal implying a strong counter-opinion, no evidence."
"Not only that, the Warriors also played the most beautiful basketball anyone has ever seen. Yes they were heavily influenced by the Spurs with the ball movement and 0.5 basketball, but Splash Bros flying off of screens or executing the cleanest split post with Dray was so gorgeous",hot_take,"Superlative claim (""most beautiful anyone has ever seen"") -- mentions tactical concepts (0.5 basketball, split post) by name but doesn't cite specific evidence/stats, more descriptive enthusiasm than argument."
Man wtf games were you watching this year? This was some of the purest basketball I've ever seen and I've been watching since the 80s,hot_take,"Strong claim with appeal to personal authority (""watching since the 80s"") but no actual evidence/stats, dismissive framing."
"People forget how ugly the basketball was in that game. Understandably overshadowed by the 3-1 comeback and all the other related drama/stories surrounding that series. But in a vacuum, G7 had some ugly basketball.",hot_take,"Evaluative claim (""ugly basketball"") with no specific stat (e.g. FG%), just impression, despite referencing the real 3-1 comeback context."
"It wasn't ugly basketball, it was guys being exhausted with high emotions going all out in every possession. Watch some of the recent podcasts with JR, Frye, RJ, they all talk about how being up 3 points felt like you were the best in the world",analysis,"References specific named sources (podcasts with named former players) as evidence for the claim -- has a verifiable anchor, similar to comment 32."
The story was the Knicks winning for the first time in forever. The actual basketball played on the court was poor for a NBA finals.,hot_take,"Evaluative claim (""poor"") with no specific stat cited."
No one really talks about how Kyrie almost messed that game up. He ofc hit that banger 3 pointer. But his head was someplace else and nearly turned it over.,reaction,"Describes a specific play and personal observation, doesn't generalize into a broader claim."
2016 finals were peak basketball of all time. Greatest team ever versus greatest peak player and his Robin. Can't watch that and compare to many other series.,hot_take,Superlative ranking claim asserted with no evidence.
the difference in physicality is wild when you go back and watch. guys used to fight through screens and hold their ground — now half those plays end with someone staring at the ref. game 7 of 2016 was pure basketball,hot_take,"Generalization about physicality across eras with no specific stat/play cited, despite a descriptive mechanism (""staring at the ref"")."
I haven't watched it recently but my recollection was that the refs weren't calling ANYTHING. You had to actually injure someone to get a call.,hot_take,"Hyperbolic generalization based on uncertain memory (""haven't watched it recently""), no evidence."
Well one thing I've certainly noticed is how often they used to just skim back blatant flops or weak calls in the replays and commentary. Compare that to this year's finals where the commentators were pretty incessant in discussing every single call.,analysis,"Makes a specific, checkable comparison (commentary behavior then vs now) as evidence for the broader claim."
idk if you can call what harrison barnes was doing basketball,hot_take,"Dismissive jab at a specific player with no evidence, joking/insulting tone."
At least the finals were better than the WCF. That shit was awful,hot_take,"Evaluative comparative claim (""awful"") with no specifics."
Now watch Westbrook in 2016 game 6 against the warriors lol. Flopping has been in the game for a long time,hot_take,References a specific game as anecdotal evidence but doesn't actually describe what happened -- name-drops without showing the evidence.
"This is like someone saying music today sucks, only music back in the day was good. In reality there is and always has been good and bad music. There is and always has been flailing and embellishment.",hot_take,"Analogical argument but no actual basketball-specific evidence, purely rhetorical."
They should ref the games like FIBA officials. Last Olympics none of the flopping was called and the players adjusted. Nba should take notes.,analysis,"Cites a specific, checkable comparison (FIBA officiating at the Olympics) as evidence for a prescriptive claim."
"Silver really has ruined this great game. I hate takes like this because it takes away the agency of the players, who more than anything else are the driving force behind this. You don't have to play the game like that.",hot_take,"Counter-argument but purely rhetorical, no specific evidence cited about player agency."
"This series was the only time in my life that I have heard my dad say ""fuck""",reaction,"Personal anecdote about reacting to the series, no argument or generalization."
"What's crazy is watching this NBA playoffs and thinking that the games were defined by flopping and foul-baiting. They just weren't! It was an incredibly hard-nosed, physical brand of basketball throughout, especially in the conference finals and beyond, and flopping was quite minimal!",hot_take,"Strong counter-claim with no specific stat (e.g. flop count), just confident assertion."
I get needing rules to protect players but they also need to add rules to punish flopping. It was exhausting to watch during the playoffs.,hot_take,"Personal opinion/prescriptive claim with no evidence, mixes a feeling (exhausting) with a policy suggestion."
I'm convinced most of ya'll didn't actually watch this finals.,hot_take,"Dismissive generalization about the audience, no evidence."
And the sour old men who complain about everything on this sub were still bitching about it.,hot_take,"Dismissive generalization about other users, no evidence, insulting framing."
"Always had a soft spot for shorter guards in the NBA. Their game is pure skill, you can't really hide behind height and athleticism. This guy is now an NBA legend.",hot_take,"Confident superlative claim (""legend"") with no specific evidence cited, sentiment-driven."
"I watched him do a hesitation move with Wemby smothering him and he exploded so fast out of it Wemby couldnt even shift his weight back, and then snuck in a layup on maybe the best shot blocker to ever play the game. I don't know if they still track first step speed but it's not just skill why he can just basically decide get to the cup at will.",hot_take,"Describes a specific play vividly but admits no actual data exists (""I don't know if they still track""), conclusion is asserted not shown -- edge case 2 type."
"Yea he has a very underrated first step. There's a Davion Mitchell video where he calls Brunson fast and Mitchell is fast asf himself. But also big vs guard, the guard is going to be able to beat the big off the dribble 9/10 times",hot_take,"Cites a specific number (""9/10 times"") but it's an invented/unverifiable estimate, not a real stat -- still feels like a strong assertion dressed as data."
"This wasn't even off the dribble. He took Wemby into the paint, stopped on a dime, hesi'd a little step back fade, the moment Wemby shifts his weight he's already going toward the hoop leaning for the scoop right under him. Wemby tried to get it but he's just too far behind.",analysis,"Detailed, specific, verifiable play-by-play breakdown of one sequence -- this is film analysis even without statistics, the description itself is the checkable evidence."
Best footwork in the post for a non big man in the league.,hot_take,Superlative ranking claim with no evidence.
he reminds me a bit of andre miller with the way they methodically get to their spots and just how steady they are no matter the game state,reaction,"[merged from discussion] Comparative observation offered tentatively, not a strong claim -- borderline hot_take/discussion, leaning discussion as it reads as musing rather than asserting. Flag for review."
He reminds me of early CP3 before he went bezerk,hot_take,"Comparative claim with no evidence, brief assertion."
"CP3 was punching dicks and tripping dudes in college, he was never not insane",hot_take,"Hyperbolic generalization, no specifics, casual assertion."
Great to see Brunson work for it and finally reach the mountaintop,reaction,"Pure emotional/celebratory statement tied to this specific moment, no generalizing claim."
He's a HoF now imo.,hot_take,Bold claim (Hall of Fame status) flagged as opinion but with zero supporting evidence.
it's amazing that Spurs was somewhat able to contain Shai but couldn't do anything against Brunson,hot_take,"Evaluative claim about two different matchups with no specific stats (defensive rating, FG% allowed) to support the comparison."
"Tbh, a part of that is KAT actually being good enough that it forces Wemby out of the paint to guard him, opening the lane for Brunson to operate in",analysis,"Specific tactical/spacing explanation (KAT pulling Wemby out, opening driving lanes) -- a checkable basketball mechanism, not just a feeling."
"KAT and Chet are just completely different players. KAT is a great self creator. Chets biggest weakness is that he can't create for himself. He's a good play finisher, but he needs someone else to create.",hot_take,"Player evaluation claims stated confidently with no specific stats (usage rate, assisted FG%) to back them, despite sounding analytical."
"Brunson still tries to make the shot when drawing a foul, and he's an insane tough shot maker. SGA sometimes just throws some shit up or flops to the ground when trying to draw a foul.",hot_take,"Comparative claim about playing style with no stats (FT rate, shot quality), asserted from impression."
Brunson still mostly prioritizes the shot. It makes watching him infinitely better. He has the odd foul crash out but I mean ffs sga on the floor every play,hot_take,"Hyperbolic generalization (""every play""), no actual count, dismissive of SGA."
Brunson was responsible for 48% of the knicks points in this game alone... HE CARRIED THE KNICKS OVER THE FINISH LINE.,analysis,"Cites a specific, checkable number (48% of team points) as direct evidence for the claim."
Remember analysts saying the Knicks can't win with a 6'2 guard lmao,hot_take,"References a vague past claim by unnamed ""analysts"" without specifics, used rhetorically to mock."
"I want to call this one of the best underdog stories ever, but this dude just wins. This is who Jalen Brunson is.",hot_take,"Superlative claim (""best underdog stories ever"") with no evidence, narrative framing."
13 consecutive wins. Won the NBA cup. Won the 'chip. Knicks were underrated but turns out they were Goliath all along lmao,analysis,"Lists specific, checkable facts (13 consecutive wins, NBA Cup, championship) as the basis for the claim."
Mavs fans gotta be depressed bro,reaction,"Brief emotional observation about another fanbase, no argument."
"We are. It makes it worse that every Mavs fan knew that he was a star. I still can't believe they let him walk, but I'm happy to see him shine.",reaction,"Personal emotional reflection on the trade, mostly feeling-based, doesn't generalize into a broader claim beyond personal disbelief."
"I'm happy for him but it does suck to have all that talent leave for nothing. We have Flagg but honestly the damage has been done and it's going to take a lot to fall back in love with the team, if it's even possible.",reaction,"Personal emotional processing of the team's situation, doesn't make a checkable claim, stays in feeling territory."
Honestly one of the most inspiring seasons of basketball I've ever seen. This run is going down in the history books,hot_take,"Superlative claim with no evidence, prediction about historical significance."
"I love how much it had to do with friendship, the willingness to hustle and a willingness to adapt your approach. To be stubborn in your goals, but flexible in your approach.",hot_take,"Abstract evaluative claim about team chemistry with no specific evidence, philosophical/inspirational framing."
Wanna shout Mike Brown for seeing the strength in that when he arrived and then immediately supporting it. Dude got laughed at when he got hired. Got laughed at in early Round 1. Now he's a championship winning coach.,hot_take,"Narrative claim referencing real events (hired, criticized in Round 1) but doesn't cite specifics of the criticism or decisions, mostly asserts a redemption arc."
"Brown's quote about being the one to adapt and adjust things to KAT, rather than KAT adapting to Brown was fantastic. That's a real coach, a real coach can adjust, elevate, and get the most of out of the guys he has",analysis,References a specific quote from a named person (Brown) as evidence for the broader claim about coaching philosophy.
"It's no accident that three of the five NYK starters came up in Jay Wright's system. Unselfishness, resilience, and strong fundamentals were the guy's hallmarks.",analysis,"Cites a specific, checkable fact (3 of 5 starters from Jay Wright's Villanova system) as evidence for the causal claim."
Brunson has more heart in 1 toe than the entire spurs roster.,hot_take,"Hyperbolic comparative claim with zero evidence, rhetorical exaggeration."
"""too slow"" bro was blowing by Wemby and everyone on the Spurs on like damn near every possession on offense",hot_take,"Hyperbolic generalization (""damn near every possession""), no actual count, dismissive of the original ""too slow"" criticism."
I kind of expected it every time it happened because it's a very short hesi and then a sprint with almost a throw up in the air and he made it every fucking time while Spurs were somehow unable to be in front of him.,analysis,"Detailed description of a specific repeated move pattern -- checkable in game film, functions as informal film breakdown."
"He has counters to everything though. If the defenders start overcorrecting and jumping in his path to block the floater, then he just falls away for an easy fade. He makes the defender commit one way or the other and then goes the opposite way.",analysis,"Specific tactical breakdown of a counter-move pattern -- describes mechanism in detail, checkable against game film."
"I'd say it's more he's shifty and sells fakes really well, so the defenders hesitate which lets him get a clean drive by. I noticed a few time wemby or vassel get bamboozled by Brunson faking a pass or a hesi step for a second, which is all he needs",analysis,"Specific named players (Wemby, Vassell) and a described mechanism (fake pass/hesi step) -- checkable, detailed tactical observation."
A bunch of times this series he would use whoever was guarding him as a screen on wemby. really funny and clever,analysis,"Describes a specific, named, checkable tactical pattern (using his own defender as a screen)."
Brunson in the pantheon of guys to win as the number one option is so surreal to me even as a Knicks fan.,hot_take,"Superlative ranking claim (""pantheon"") with no evidence, personal astonishment framing."
I gotta say man he shut me up. Genuinely didn't think you could win a chip w brunson as your main guy because he would be hunted defensively.,reaction,"Personal admission of being wrong, doesn't generalize beyond personal prior belief, stays close to feeling."
"For him to have all this doubt about his size, his athleticism and speed, and then to go against a 7'4 freak athlete and still come out the best player in the finals series. Drops 45 pts on over 50% shooting, almost as much as the rest of the team combined in the clinching game.",analysis,"Cites specific, checkable numbers (45 pts, 50% shooting) as evidence for the claim."
I keep seeing this so many times but realized I haven't seen Sabathias reply yet.,reaction,"[merged from discussion] Genuine open musing/question about a missing piece of info, no strong claim, neutral curiosity."
"So many dudes on both teams looked scared out there. Brunson looked cool as a cucumber. Whether they were tied, up by 2 or down by 20, he kept his composure and did whatever needed to be done.",hot_take,"Evaluative claim (""scared"", ""cool as a cucumber"") with no specific stat or play cited, impressionistic."
"He's good, BUT are you better than him?",reaction,"Joking rhetorical dismissal, not a real argument, very short and playful -- borderline noise. Flag for review."
Honestly the way the spurs guards were harassing and mauling him the first couple of games I started doubting that we could win it all without another big ball handling guard to help support Brunson. And I was wrong. Dude found another gear.,reaction,"Personal narrative of doubt and being proven wrong across the series, more feeling-based reflection than argued claim."
I'm so happy he won one. Now I need Hali to win one. Then Wemby can take over like the league wants.,hot_take,"Asserts a claim about what ""the league wants"" with no evidence, prediction framing."
This guy is minted for life in the top city in the world. Enjoy it Jalen you fucking earned it.,reaction,"Celebratory, personal expression of happiness for the player, no argued claim."
"Heart, but also an incredible amount of skill. The layups he was making and the angles he was using were incredible. He was making tough ass shots. You can have the worst attributes in the world (almost) if you can make incredibly difficult shots.",hot_take,"Evaluative claim (""incredible"") with no specific play or stat cited, despite mentioning ""angles"" and ""tough shots"" generically."
"What Jalen is able to do is similar to what Steph does. Two highly skilled small guards. Steph is more exciting because his secret weapon is a shooting from the parking lot. But the way brunson can put you on his hip and just straight up abuse you, it's really special.",hot_take,"Comparative claim between two players with no specific stats, descriptive but ultimately impressionistic."
Such a class act man. Definitely missed in Dallas. Super happy for him to get his ring and the shine he always deserved. I never understood them trying to make them a backup here.,hot_take,"Mixes personal happiness with an evaluative claim about a front office decision, no specifics on the decision-making process."
Heart... and access to elite coaching and training since he was a child.,hot_take,"Sarcastic counter to the ""heart"" narrative, brief assertion with no evidence."
Can someone think of any underdog stories like this because basketball is a sport where being a giant helps way more than any sport. And this dude somehow led a team to finals against 2K created player,reaction,"[merged from discussion] Genuinely open question inviting comparisons, neutral framing despite the embedded hyperbole about height."
People really forget Steph Curry and think height matters at Point Guard.,hot_take,"Dismissive generalization about ""people"" with no evidence, rhetorical jab."
"The way he plays pointguard is really fun to watch. He plays it so close to the center line, its so dangerous and it tempts the defense to go all the way out to corner him. Then he just blast past everyone. He did that for all 48 minutes... its crazy conditioning.",analysis,"Describes a specific tactical positioning pattern (playing near center line, drawing defense out) -- detailed, checkable mechanism, not just praise."
"Add Jalen Brunson to the list of players that prove the intangible stat of ""wins at all cost"", or ""clutch"", or ""Mamba mentality"" - whatever you wanna call it, Brunson has it. It's as clear as day.",hot_take,"Explicitly invokes an ""intangible"" non-stat as evidence -- the opposite of analysis, openly admits there's no measurable basis."
Dallas really fumbled a potential dynasty with Brunson and Luka.,hot_take,"Strong claim (""dynasty"") about a hypothetical with no evidence, retrospective judgment."
I kept saying this as well. It's so weird how little NBA cares about actually winning. He won at every level and has shown how much of a killer he is and be drafted in the second round for it.,hot_take,"Generalizes about ""the NBA"" caring about winning with no evidence, despite referencing the real second-round draft fact."
He's good but he flops way too much,hot_take,"Evaluative claim (""way too much"") with no count or example, asserted confidently."
Find me a single flop from this game,reaction,"[merged from discussion] Genuine challenge/question inviting evidence, neutral framing despite being a rebuttal."
It's nice to see a guy as the top recruit in his state and a consensus top 40 player in his recruiting class overcome the odds.,analysis,"Cites specific, checkable facts (state's top recruit, consensus top 40) as part of the claim."
Dude's a future HOFer now and people will still question his ability.,hot_take,"Confident prediction (Hall of Fame) with no evidence, dismissive of critics."
"Luka is obviously bigger and more skilled, but Brunson's mentality, leadership and toughness make him a better player. Brunson is a top 5 player and maybe top 2-3.",hot_take,"Strong ranking claim (top 2-3 player) based on vague intangibles (mentality, leadership), no measurable evidence."
Luka bigger yes but more skilled?,reaction,"[merged from discussion] Genuine pushback question on a specific claim, neutral framing, inviting clarification."
"Jalen's good, BUT youre still generally, a cone on defense. Doesn't matter for this summer cause you won one but still.",hot_take,"Evaluative claim (""cone on defense"") with no defensive stat cited, dismissive framing."
"Inch for inch, NAH, free height best player in the world",hot_take,"Superlative ranking claim with no evidence, very short assertion."
He's talking about having Josh Hart,reaction,"[merged from discussion] Purely clarifying/informational statement, no opinion -- functions as correcting a misunderstanding, neutral."
"The way he plays pointguard is really fun to watch, dangerous and tempts the defense to go all the way out to corner him. Then he just blast past everyone for all 48 minutes",analysis,"Same tactical mechanism described as #49 (duplicate-ish), detailed positioning observation -- checkable claim about spacing/positioning."
Think we need to at least start putting Brunson in top 3 nba PG convos,hot_take,"Ranking claim (top 3 PG) with no evidence, suggestion framing."
"I remember watching him with the Mavs in the 2022 playoffs and I was like, ""Damn who is this guy? He's annoyingly good"". Happy to see what he's achieved since.",reaction,"Personal nostalgic memory and reflection, doesn't make a strong generalizing claim, stays in personal narrative territory."
Draymond so annoying they had to eject Booker too.,reaction,"Brief in-the-moment quip about an ejection, no generalizing claim, reads as a joke."
"I want to know what they're saying to each other, what the hell",reaction,"[merged from discussion] Genuine open curiosity, no claim, neutral question about an in-game moment."
That looked like a end of a era embrace,reaction,"In-the-moment emotional observation about a specific visual, no generalizing argument."
"The bringing Kerr back for 1 more year. Steph, Dray, Jimmy and Horford will all be expiring next season",reaction,"[merged from discussion] Informational/speculative observation about contract status, fairly neutral, borderline hot_take given the implied skepticism about the team's future. Flag for review."
This might be the 1st time i've seen a challenge actually give a tech for flopping,reaction,"Personal observation tied to this specific moment, doesn't generalize beyond it."
Foster trying his best to gift GS but they can't capitalize lol,hot_take,"Accusatory claim about referee bias (""trying his best to gift"") asserted with no specific call cited."
"Lmfao Kerr like ""guys the game is over you don't have to keep trying to throw the game""",reaction,"Joking in-the-moment reaction to a specific situation, not a serious generalizing claim."
"Up 15 and you're flopping. It's so fucking sad. Suns fans gonna watch this and think ""hell yeah""",hot_take,"Evaluative claim about a team's character/sportsmanship with no specific play cited, dismissive generalization."
That's such a bad call on another whistle that's 30 minutes late,hot_take,"Evaluative judgment about a specific call without describing what happened, generalizes about overall officiating quality."
"The NBA has a ref sports gambling problem, just a matter of how long it takes to come out (again)",hot_take,"Serious accusatory claim with zero evidence, conspiracy-flavored assertion."
Conspiracy theory. The league sent Scott Foster to ensure a Suns win so that warriors can win the #1 pick in the lottery,hot_take,"Self-labeled conspiracy theory, explicitly unfounded, pure assertion."
"i'm actually done watching this fucking league. that layup from steph where he literally got smashed between two players would've absolutely been a foul for other players, especially SGA. fuck this league",hot_take,"Strong generalizing claim about league-wide officiating bias based on one play, no actual stat comparison."
The Steph no calls are one of the bizarre things in the NBA. He could've gotten 2 shooting fouls but the 2nd one was so egregious. wtf,hot_take,"Evaluative claim about officiating pattern with no specific count/stat, asserted from impression of one game."
Do the warriors always set this many moving screens for Steph? If so then his mobility to move around the court is a little less impressive knowing GS gets away with this shit.,reaction,"[merged from discussion] Phrased as a genuine question (""do the warriors always...""), though leans skeptical -- borderline hot_take due to loaded framing. Flag for review."
Yes. Bogut used to get away with some criminal shit.,hot_take,"Generalizing claim about a specific player's history with no examples cited, hyperbolic language."
They get called most of the time. Curry gets battered and gets near no foul calls in his favor tho. Or non continuation fouls,hot_take,"Evaluative claim with no specific stat (foul differential, FT rate) cited, impressionistic."
Lmao they never got called once during the championship runs. League got new golden boys. That's just how it goes. Time is undefeated.,hot_take,"Hyperbolic absolute claim (""never... once"") with no evidence, conspiracy-adjacent ""golden boys"" framing."
"Yeah, that layup where he got knocked on the floor and the refs just let it go was wild. Also, from my viewing experiences, GS rarely has moving screens called on them.",hot_take,"Admits the claim is based on personal impression (""from my viewing experiences"") rather than actual data -- edge case 2 type, no real count given."
Can't believe Curry won all those rings with that whistle,hot_take,"Sarcastic generalizing claim about officiating across multiple championships, no evidence."
So frustrating to watch Curry get molested every time he drives and get no calls,hot_take,"Hyperbolic generalization (""every time"") with no actual count or stat, emotionally charged language."
"Haven't watched much Hornets basketball. Ball is a legit joke of a player. Guy plays trash defense. Form on his shot isn't repetitive. Zero muscle mass, doubt he ever does the weight room.",hot_take,"Strong dismissive evaluation explicitly admitted to be based on limited viewing (""haven't watched much""), no stats cited despite confident tone."
"He's a joke but the muscle mass thing isn't relevant. Functional, explosive strength matters more than bulky muscles in the modern game. A strong core is more important than big biceps and triceps for a PG",hot_take,Counter-argument with general basketball reasoning but no specific stat or measurement cited about the player in question.
It's just kind of unfun to watch one team get away with murder while Lamelo get a third foul on a charge floater. One team is getting mauled and called for defensive fouls when Banchero is just running into their chest the opposite end,hot_take,"Evaluative claim about officiating discrepancy with no actual foul count cited, despite describing specific play types."
I'm a third party fan in this game and yeah these foul calls have quite the discrepancy,hot_take,"Agreement with the previous claim, no additional evidence, brief assertion."
I mean like I know Lamelo has 3 fouls but Charles Lee has got to roll the dice with him right like Charlotte has turned the ball over like 5 times passing the ball at the top of the key lmao,analysis,"Cites a specific, checkable number (5 turnovers passing at the top of the key) as evidence for the coaching criticism."
The more aggressive team always gets more leeway. This is literally the OKC strat. Charlotte just shrinking from the physicality.,hot_take,"Broad generalizing claim (""always"") about officiating and team strategy with no specific evidence cited."
Hornets playoff drought extends to 11 years now? Unfortunate after the second half of their season,analysis,"Cites a specific, checkable fact (11-year playoff drought) as the basis for the observation."
What's the point in the play in when the top 8 seeds always make it anyway,hot_take,"Dismissive generalizing claim (""always"") about the play-in format with no actual historical data cited."
"Anti-Tank strategy really, the Play-In was made after Dame said ""What are we playing for? If we have a chance I'll play"" which was a bit ridiculous imo but the play-in was something so that teams didn't tank super duper hard",analysis,"Cites a specific, named historical fact (Dame's quote and its connection to the play-in's creation) as evidence for the explanatory claim."
"Because it's (usually) very exciting basketball games, even if the outcome seems to always skew to the home team",hot_take,Evaluative claim about format quality and home-court bias with no specific stat cited.
Bridges should be throwing punches at the Hornets for how they've shown up so far.,hot_take,"Hyperbolic dismissive claim about a team's effort, no specifics, rhetorical exaggeration."
Orlando getting a might friendly whistle on defense.,hot_take,Evaluative claim about officiating bias with no specific call cited.
Bridges gets fouled at least twice before they even go to the floor these refs are letting them maul them lmao,hot_take,"References a specific count (""at least twice"") but it's an unverified personal estimate, not an actual stat from the box score."
Have I judged the Magic too harshly?,reaction,"[merged from discussion] Genuine open self-reflective question, no strong claim, inviting others' perspectives."
The Warriors comeback win last night was astonishing. The two play-in games the night before were great. The play-in definitely brings that drama. I love the format!,hot_take,"Evaluative claim about the format's quality with no specific data (margin of comebacks, viewership), enthusiastic but unsubstantiated."
LeBron disagrees but I don't. Love that win or go home intensity in the single game format.,hot_take,"Opinion claim referencing a real disagreement (LeBron's stance) but doesn't cite his actual argument, just asserts personal preference."
Draymond was unbelievable on defense in the 4th quarter; completely turned off Kawhi's offense.,hot_take,"Strong evaluative claim (""unbelievable"", ""completely turned off"") with no specific stat (points allowed, FG% against) cited."
"These comments let you know that most people who watch sports have no idea what they're watching. People are framing it as ""Kawhi disappeared"" instead of giving Kerr his props for that amazing defensive game plan he put together. Kawhi was gassed by the end of the 3rd and those traps that GS threw at him played a major part in that.",analysis,"Describes a specific tactical mechanism (traps thrown at Kawhi, fatigue by end of 3rd) as the explanation -- detailed, checkable against game film, goes beyond bare assertion."
Ngl though at the same time Leonard and double teams has been his one big weakness. He does not operate well out of them. They would need garland to handle the ball which is what they did for the 4th. Sometimes a team has your number and in the 4th that's what happened,analysis,References a specific tactical adjustment (Garland handling the ball in the 4th) as evidence for the broader claim about Leonard's weakness against double teams.
He was standing out of bounds with the game on the line and then got his pocket picked.,reaction,"Describes a specific play vividly, doesn't generalize into a broader claim about the player or team."
Also just vintage Draymond defense with the clamps the whole quarter and especially the few steals at the end,hot_take,"Evaluative claim (""vintage"") referencing steals generally but no specific count or stat cited."
Shouldn't we be doing both 7/8 games on the same day so that way the team who lost still gets the benefit of two days rest?,reaction,"[merged from discussion] Genuine open question proposing a scheduling alternative, neutral framing, inviting discussion."
This Amazon studio crew is really good,hot_take,"Evaluative claim with no specifics, brief positive assertion."
Haslem griffin dirk all understand the modern game,hot_take,Evaluative claim about commentators' understanding with no specific examples cited.
"Just love seeing Dray and Steph channel their classic years. They still have some gas left, and I'm not talking some stupid meaningless win. They fought all game long to stay in it, and win with clutch plays. Yes, clutch Steph 3's and Draymond defensive possessions, but Horford became Klay.",hot_take,"Enthusiastic evaluative claim (""Horford became Klay"") with no specific stats cited despite descriptive detail."
"Don't do that, Horford was Horford, when he was with the Celtics those exact possessions knocked the air out of us during clutch moments.",reaction,"Personal nostalgic reflection comparing this game to past experience, emotional rather than argued."
Incredible fucking game the warriors locked tf in when it mattered most.,reaction,"Brief enthusiastic in-the-moment reaction to the game outcome, no generalizing claim beyond this game."
"As long as Draymond keeps shutting people down in the clutch on defense, he can kick and choke as many Europeans as he wants",hot_take,"Evaluative/normative claim about Draymond's behavior being excusable, no specific stat cited about his defense."
I've never seen Kawhi get shut down/deleted like that from a game - Draymond erased him. That shit looked like 2019 Draymond.,hot_take,"Strong superlative claim (""never seen... like that"") with no specific stat (points, FG%) cited despite a historical comparison."
Those Horford 3's really did drain the energy out of the arena,reaction,"Descriptive, atmosphere-focused observation tied to this specific game, doesn't generalize into a broader claim."
It's true but then after the last curry 3 the entire bench looked like they gave up,reaction,"Specific observation about body language in this moment, doesn't generalize beyond the game."
"kahwi scoring 2 pts in the 4th??? on a legachy game? man i kept wondering why he wasn't really going hard to get free. i think his ankle is still sprained, man clearly has glass ankles. he spraned it against the kings 2 weeks ago",hot_take,"Cites a real fact (2 pts in 4th, sprained ankle vs Kings) but the conclusion (""glass ankles"") generalizes beyond what the cited facts establish -- edge case 1 type."
He just doesn't care. Why would he?,hot_take,"Strong claim about a player's motivation/character with zero evidence, dismissive."
"The Flippers should just change their logo from a basketball to a beach ball, because they always go to Cancun early ever season.",hot_take,"Hyperbolic generalizing claim (""always"") about team performance history, no specific seasons cited."
Draymond cementing his legacy as a monster when it counts.,hot_take,Superlative claim about legacy with no specific evidence cited beyond this one game.
The first Kawhi choke job in a while. It's insane that at his age he still had no idea what to do with the double team.,hot_take,"Evaluative claim (""choke job"", ""no idea"") with no specific stat cited, dismissive of the player's experience."
Draymond always dominates him when it counts. And the Warriors always own him in the post season ever since they demolished him in the '17 WCF,hot_take,"Broad generalizing claim (""always"") referencing a real historical event (2017 WCF) but the absolute framing isn't supported by that single citation."
3 out of 4 play in games have been bangers so far. Not bad NBA.,analysis,"Cites a specific, checkable ratio (3 of 4 games) as evidence for the evaluative claim."
Kawhi got locked down when it mattered most and Steph was just cooking curry on them.,hot_take,"Evaluative claim with no specific stat cited, colloquial praise framing."
Man.. Everyone now just shitting on Kawhi. Just appreciate a good nba game for once.,hot_take,"Dismissive generalization about other commenters with no specifics, rhetorical plea."
"I dk why he couldn't get going in the 3rd, but Draymond owned him in the 4th. When Draymond can move like that, it just completely neutralizes Kawhi's height and strength advantage that he normally has over his defenders",analysis,"Describes a specific tactical mechanism (mobility neutralizing height/strength advantage) as the explanation, checkable against game film even without a stat."
What if we make the playoffs like march madness? Maybe they will try harder.,reaction,"[merged from discussion] Genuine open proposal/question about format change, neutral framing, inviting discussion."
It's so much fun to watch Curry when you're cheering for him,reaction,"Personal subjective enjoyment statement, doesn't make a broader generalizing claim."
As an OKC Fan I can happily say that Stephen Curry is one of the most fun players to root for if he isn't actively cooking your team.,hot_take,"Superlative claim (""one of the most fun players"") with no evidence, personal preference framing."
"Vintage performance by the warriors old guard. Wow. I can't stand Draymond, but this feels like a fair ending for the Clippers season.",hot_take,"Evaluative claims about both team performance and ""fairness"" of outcome with no specific evidence cited."
Ty Lue is bad at coaching. Mathurin was playing incredible basketball and instead of feeding the hot hand he became the third option to shoot and no one else was hitting.,hot_take,"Strong claim (""bad at coaching"") with descriptive but unquantified evidence (no shot attempts/FG% cited for Mathurin)."
i don't think kawhi likes playing basketball tbh,hot_take,"Claim about a player's internal motivation/feelings with zero evidence, purely speculative assertion."
Man. When you factor in the injuries and the PG trade and the fake company. The Kawhi era on the clips is rough,hot_take,"References real events (injuries, PG trade, the Aspiration scandal) but the overall evaluative conclusion (""rough"") is asserted without connecting specific data."
